train,test,kappa,train acc,test acc
0.4065089213824412,0.30429452670374274,0.7641433085084774,0.4261042495289931,0.5583804143126178
0.35119441962169773,0.9389506628973487,0.7184707398888945,0.5043960644756124,0.4171374764595104
0.3338146055122707,0.3055479017923645,0.7632436846481501,0.5283650826878794,0.5329566854990584
0.31069929152883063,0.3162572790625093,0.7308395916011491,0.555369478752355,0.5357815442561206
0.3005687520204228,0.2986990829733375,0.7660076048550579,0.5707557044169981,0.5847457627118644
