train,test,kappa,train acc,test acc
0.3878671281591725,0.3722797229577948,0.6747998745070577,0.44023445677203266,0.5216165413533834
0.2779584953451491,0.2442733158630536,0.8325111745059561,0.5803851789826251,0.6090225563909775
0.30552426458976917,0.2718844291354929,0.8108036858858839,0.5563114925685577,0.6419172932330827
0.2836439777656847,0.39619111350940583,0.661230883365391,0.5828972158258321,0.4407894736842105
0.2715737981384159,0.2420961000445418,0.8455163350206465,0.5937827088130626,0.668233082706767
0.2535191535842112,0.2692503740527856,0.7787398271184882,0.6234038099225455,0.6268796992481203
0.24593421623388337,0.22870405935647345,0.841010709992896,0.6273812015909567,0.681390977443609
0.24252552795272622,0.2512020654101065,0.8220778956369486,0.6318819342683692,0.6240601503759399
