train,test,kappa,train kappa,train acc,test acc
0.2589294525216556,0.232340978913033,0.8402478814519418,0.0,0.6176470588235294,0.667608286252354
0.20428126138530114,0.1825218841891129,0.8837763731291604,0.0,0.6835880259577141,0.7259887005649718
0.1878253415814812,0.1897433825214761,0.8785088364875774,0.0,0.7057776847393762,0.7278719397363466
0.18100770933174654,0.1903953072979999,0.8865643395831645,0.0,0.7186518735608122,0.7146892655367232
0.19428599381997208,0.1941358899420764,0.8934569632254776,0.8784813799715644,0.6959388737701486,0.7231638418079096
0.17976839660231642,0.19815013503739978,0.8716391631761625,0.8904431290226302,0.7173958551392087,0.7071563088512242
0.17011826860264467,0.18714776965868424,0.8846325290583068,0.8995760445469323,0.7298513711534436,0.7109227871939736
0.1644068023086942,0.1984917311962052,0.8681386733577182,0.9061240127724229,0.736445467866862,0.7099811676082862
