train,test,kappa,train kappa,train acc,test acc
0.2589294525216556,0.232340978913033,0.8402478814519418,0.0,0.6176470588235294,0.667608286252354
0.20428126138530114,0.1825218841891129,0.8837763731291604,0.0,0.6835880259577141,0.7259887005649718
0.1878253415814812,0.1897433825214761,0.8785088364875774,0.0,0.7057776847393762,0.7278719397363466
0.18100770933174654,0.1903953072979999,0.8865643395831645,0.0,0.7186518735608122,0.7146892655367232
0.19428599381997208,0.1941358899420764,0.8934569632254776,0.8784813799715644,0.6959388737701486,0.7231638418079096
0.19180283956448088,0.1925662738624469,0.8828085079856423,0.8800191686081755,0.7058823529411765,0.7269303201506592
