train,test,kappa,train acc,test acc
0.25892945252165556,0.232340978913033,0.8402478814519418,0.6176470588235294,0.667608286252354
0.20428126138530114,0.18252188418911294,0.8837763731291604,0.6835880259577141,0.7259887005649718
0.18782534158148118,0.1897433825214761,0.8785088364875774,0.7057776847393762,0.7278719397363466
0.18100770933174654,0.1903953072979999,0.8865643395831645,0.7186518735608122,0.7146892655367232
0.17669858980000755,0.18383840338379517,0.8836362977119996,0.7260833158886331,0.7288135593220338
